bandiera,impianti_distinti,impianti_medi_giorno,quota_%
Agip Eni,3971,3800,18.28
Api-Ip,3830,3632,17.47
Pompe Bianche,3158,2958,14.23
Q8,2756,2678,12.88
Esso,2235,2014,9.69
Tamoil,1489,1438,6.92
Europam,206,201,0.97
Retitalia,193,169,0.81
Shell,169,153,0.74
Giap,159,149,0.72
Energas,154,149,0.72
KEROPETROL,149,131,0.63
Vega,121,119,0.57
Costantin,118,110,0.53
Toil,112,107,0.51
Beyfin,110,105,0.51
Ala,114,105,0.51
San Marco Petroli,105,98,0.47
Ego,96,89,0.43
Loro,86,83,0.4
Itala Petroli,98,79,0.38
Enerpetroli,78,78,0.38
COIL,63,61,0.29
Sia fuel,62,61,0.29
Aquila,61,59,0.28
Smaf,72,59,0.28
Lukoil,60,54,0.26
Petrol Gamma,57,53,0.25
Sommese Petroli,54,52,0.25
CONAD,54,52,0.25
AF Petroli,47,46,0.22
GNP,44,43,0.21
Sicilpetroli,38,37,0.18
EOS,38,37,0.18
ICM,36,36,0.17
Oil Italia,36,35,0.17
Nobile Oil,35,33,0.16
DBCarburanti,34,32,0.15
DIS-CAR,33,32,0.15
Simonetti Petroli,32,32,0.15
BC,34,32,0.15
Petrol Company,35,31,0.15
bpetrol,32,31,0.15
Menga petroli,33,31,0.15
Dill s,34,30,0.14
SEPA,32,30,0.14
Enercoop,32,30,0.14
Italiana Carburanti,32,29,0.14
Quattro Petroli,27,27,0.13
FLY,28,26,0.13
Noaloil,24,24,0.12
Centro Calor,24,24,0.12
Kerotris,26,22,0.11
Camer,22,22,0.11
Energyca,22,22,0.11
AP,23,21,0.1
Iblea Petroli,21,21,0.1
Auchan,20,20,0.1
Bianco Carburanti,21,19,0.09
Socogas,19,18,0.09
Acton1Q,20,18,0.09
Fiamma 2000,18,17,0.08
ISOLA GAS,25,17,0.08
357,21,17,0.08
Benza,18,17,0.08
7sette,16,16,0.08
PM,16,16,0.08
Iper Station,15,15,0.07
MyOil,16,15,0.07
Economysrl,16,15,0.07
B+,17,15,0.07
AZZALINI ENERGIE,17,15,0.07
TIBER,15,14,0.07
Moro,14,13,0.06
FulgorOil,13,13,0.06
Beneco,14,12,0.06
AVIA,12,12,0.06
Gep carburanti,12,12,0.06
Economy,12,12,0.06
SP Energia Siciliana,12,12,0.06
SACOM,11,11,0.05
OK energie,11,11,0.05
Bogoni,11,11,0.05
4.0,14,11,0.05
Firmin,11,11,0.05
ECOFUEL,11,11,0.05
MacMarchettiCarburanti,10,10,0.05
GAN,11,10,0.05
Kostner,10,10,0.05
SACED,10,10,0.05
FGS,9,9,0.04
UP,10,9,0.04
Gaffoil,9,9,0.04
Ernesto Rondini,9,9,0.04
Interpetrol,9,9,0.04
Delta energy,9,9,0.04
LEONE,9,8,0.04
fstation,8,8,0.04
Edra Energia,8,8,0.04
ACI,9,8,0.04
Adamo Idrocarburi,8,8,0.04
ValliCarburanti,8,8,0.04
PetrolPicena,8,8,0.04
Trivengas,8,8,0.04
Cancellieri carburanti,8,8,0.04
GT-FUEL,7,7,0.03
carburanti discount,7,7,0.03
LFC PETROLI,7,7,0.03
Zannoni,7,7,0.03
PETROLITALIA,9,7,0.03
Piccini Fuels,7,7,0.03
Ratti,7,7,0.03
CarburantiVecchietti,7,7,0.03
Carrefour,9,7,0.03
Blanco petroli,6,6,0.03
LP Carburanti,6,6,0.03
Ies,6,6,0.03
AP Stazioni di Servizio,7,6,0.03
Gamma Petroli,6,6,0.03
GABOGAS2,6,6,0.03
Catria Energy,6,6,0.03
Carriero Energy,6,6,0.03
Sarni Oil,5,5,0.02
CP,5,5,0.02
GasAuto,5,5,0.02
Gatti carburanti,6,5,0.02
Cristoforetti,5,5,0.02
COOP,5,5,0.02
BN petroli,5,5,0.02
Piccini Energy,5,5,0.02
AMG Carburanti,5,5,0.02
TaOil,8,5,0.02
Perin,6,5,0.02
Restiani,6,5,0.02
Eurocap Petroli,4,4,0.02
TTP,4,4,0.02
TEnergy,5,4,0.02
Grazi Petroli,4,4,0.02
Energia Fluida,4,4,0.02
Vignetti,4,4,0.02
Sacat,4,4,0.02
Galoil Carburanti,4,4,0.02
Termoveneta srl,5,4,0.02
New Energy,4,4,0.02
Eco Fuel,4,4,0.02
Petrolnafta,4,4,0.02
Oroil,5,4,0.02
TOMMASINI CARBURANTI,3,3,0.01
AP Petroli S.R.L.,3,3,0.01
Pit stop,3,3,0.01
AP Fuel,3,3,0.01
PAD,3,3,0.01
MF CARBURANTI,3,3,0.01
BIANCOPETROLI,3,3,0.01
Otto,3,3,0.01
Natalizia Station,3,3,0.01
Canestrelli Petroli,3,3,0.01
TAM Full Service Station,3,3,0.01
Oceania,3,3,0.01
ALS,3,3,0.01
Mesu e Rios,3,3,0.01
ACI_PT,3,3,0.01
Dall Aglio,3,3,0.01
NonnaIsa Station,3,3,0.01
Sodifa,4,3,0.01
Simeone Carburanti,3,3,0.01
ACI_CL,3,3,0.01
Wow,4,3,0.01
STOM,3,3,0.01
CENTRALE METANO FOLIGNO,3,3,0.01
GDPI,3,3,0.01
Cucagas,3,3,0.01
EKOpoint,4,3,0.01
Dalle petroli,3,3,0.01
GO,3,3,0.01
Total Erg,3,3,0.01
Toma Petroli,3,3,0.01
FUELPP,3,3,0.01
Repsol,3,3,0.01
Costa Carburanti,2,2,0.01
SIRON SRL,2,2,0.01
bioil,2,2,0.01
Petrol Veneta,2,2,0.01
FM Energy,2,2,0.01
Oll,2,2,0.01
PETROLIUM,2,2,0.01
Ecoil,2,2,0.01
OutletCarburanti,2,2,0.01
digiservice,2,2,0.01
Sanrocco Carburanti,2,2,0.01
Bartolucci,2,2,0.01
Reno Gas Energy,2,2,0.01
BLF,2,2,0.01
PIGHI,2,2,0.01
europetroli,3,2,0.01
DIL,2,2,0.01
Xoil,2,2,0.01
Plus,2,2,0.01
Italia Carburanti,2,2,0.01
ENJOIL,4,2,0.01
Capaia Petroli,2,2,0.01
Eugas,3,2,0.01
Eurfuel,2,2,0.01
MC petroli,2,2,0.01
EnerFuel,2,2,0.01
HI MATIC,2,2,0.01
Major,3,2,0.01
VULCANGAS,3,2,0.01
Emme Petroli,2,2,0.01
Gianni Petroli,2,2,0.01
Vital,2,2,0.01
Moveo,2,2,0.01
CarbonOil,2,2,0.01
Europetrol,2,2,0.01
Sodigas,2,2,0.01
Fabozzi Petroli,2,2,0.01
SEP,1,1,0.0
Sallemi Carburanti,1,1,0.0
SAGIMAR,1,1,0.0
SORIANO CARBURANTI,1,1,0.0
De Angelis Carburanti,1,1,0.0
DV OIL,1,1,0.0
SevenOil,1,1,0.0
Sidoti Fuel,1,1,0.0
punto nord,1,1,0.0
messina carburanti,1,1,0.0
Cler Carburanti,1,1,0.0
dp carburanti,1,1,0.0
carsie,1,1,0.0
78,1,1,0.0
Casareale,1,1,0.0
Verlingas,1,1,0.0
Ulivo Petroli,1,1,0.0
Curreri Carburanti,1,1,0.0
TusciaPetroli,1,1,0.0
TreConfiniCarburanti,1,1,0.0
Terni Carburanti,1,1,0.0
Tam service,1,1,0.0
TOTALEnergy,1,1,0.0
E-Smart,1,1,0.0
Som/Omv,1,1,0.0
Socomci,1,1,0.0
AG energy,1,1,0.0
ALoil,2,1,0.0
SilcaSrl,2,1,0.0
Delta,1,1,0.0
PINGUINO CARBURANTI,1,1,0.0
ECODRIVE,1,1,0.0
Eurocarburanti,1,1,0.0
Energy Carburanti,1,1,0.0
Energy Station,2,1,0.0
KINGO CARBURANTI,2,1,0.0
BluOil,1,1,0.0
BluPark,1,1,0.0
Esse Oil,1,1,0.0
CROCIANI FUEL,1,1,0.0
Bolgan,1,1,0.0
ITALSUD CARBURANTI SRL,1,1,0.0
CARBURANTI PIAVE,1,1,0.0
Harpoil,1,1,0.0
Gregoil,1,1,0.0
GreenFuelCompany,1,1,0.0
CATRIA OIL,3,1,0.0
Gatto Carburanti,1,1,0.0
Capri Soc Coop,1,1,0.0
Garage Roberto,1,1,0.0
Euroself,1,1,0.0
GP GREEN POWER,1,1,0.0
GGenergy,1,1,0.0
GGV ENERGY,1,1,0.0
GB Petroli,1,1,0.0
FP PETROLI,1,1,0.0
Fuel99,1,1,0.0
Fuel Time,1,1,0.0
Frontalini Petroli,1,1,0.0
Fratelli Gennaro,1,1,0.0
Franzon snc,1,1,0.0
Fiorese Bernardino,1,1,0.0
COLAGROSSI CARBURANTI,1,1,0.0
Bibbiena Carburanti,1,1,0.0
MML Sinergy,1,1,0.0
Reale,1,1,0.0
PAN OIL,1,1,0.0
EKOENERGY,1,1,0.0
RPetroli,1,1,0.0
RESOIL,1,1,0.0
RA-FI,1,1,0.0
Argentario Carburanti,1,1,0.0
Powerghost,1,1,0.0
Pieropan Elisa,1,1,0.0
Carburanti Paganelli,1,1,0.0
ESSEPI,1,1,0.0
Petrol Fuel,1,1,0.0
POWERGAS S.R.L.,1,1,0.0
PITSTOP,1,1,0.0
Fast fuel group,1,1,0.0
PETROL SUD,1,1,0.0
PAM OIL,1,1,0.0
MZ PETROLI,1,1,0.0
P F M,1,1,0.0
Oil Discount,1,1,0.0
ON CARBURANTI,1,1,0.0
Edison metano,1,1,0.0
OIL ONE,1,1,0.0
BP Bachiorrini Petroli,1,1,0.0
NextMobilitaFutura,1,1,0.0
Natural Gas,1,1,0.0
Cerignola Fuel,1,1,0.0
Metano Spilamberto,1,1,0.0
Men8,1,1,0.0
Mascitti,1,1,0.0
Maremmana Petroli,1,1,0.0
Madogas Natural Energy,2,1,0.0
rosina fuel,1,1,0.0
