data,idImpianto,bandiera,prodotto,isSelf,prezzo,dtComu
2026-01-01,62272,Shell,Benzina,1,3.754,2026-01-01 07:13:58
2026-01-01,62272,Shell,Diesel,1,3.832,2026-01-01 07:13:58
2026-01-08,61800,Q8,Benzina,1,3.218,2026-01-08 00:54:11
2026-01-08,61800,Q8,Diesel,1,3.278,2026-01-08 00:54:11
2026-01-16,46312,Giap,Benzina,1,0.7,2026-01-16 06:00:38
2026-02-03,40330,Tamoil,Benzina,1,3.558,2026-02-03 10:44:19
2026-02-03,40330,Tamoil,Diesel,1,3.758,2026-02-03 10:44:19
2026-02-18,59394,Pompe Bianche,Benzina,1,8.888,2026-02-18 07:54:02
2026-02-18,59394,Pompe Bianche,Diesel,1,8.888,2026-02-18 07:54:02
2026-02-19,59394,Pompe Bianche,Benzina,1,8.888,2026-02-18 07:54:02
2026-02-19,59394,Pompe Bianche,Diesel,1,8.888,2026-02-18 07:54:02
2026-02-20,59394,Pompe Bianche,Benzina,1,8.888,2026-02-18 07:54:02
2026-02-20,59394,Pompe Bianche,Diesel,1,8.888,2026-02-18 07:54:02
2026-02-21,59394,Pompe Bianche,Benzina,1,8.888,2026-02-18 07:54:02
2026-02-21,59394,Pompe Bianche,Diesel,1,8.888,2026-02-18 07:54:02
2026-02-22,59394,Pompe Bianche,Benzina,1,8.888,2026-02-18 07:54:02
2026-02-22,59394,Pompe Bianche,Diesel,1,8.888,2026-02-18 07:54:02
2026-02-23,59394,Pompe Bianche,Benzina,1,8.888,2026-02-18 07:54:02
2026-02-23,59394,Pompe Bianche,Diesel,1,8.888,2026-02-18 07:54:02
2026-02-24,59394,Pompe Bianche,Benzina,1,8.888,2026-02-18 07:54:02
2026-02-24,59394,Pompe Bianche,Diesel,1,8.888,2026-02-18 07:54:02
2026-02-25,59394,Pompe Bianche,Benzina,1,8.888,2026-02-18 07:54:02
2026-02-25,59394,Pompe Bianche,Diesel,1,8.888,2026-02-18 07:54:02
2026-02-26,59394,Pompe Bianche,Benzina,1,8.888,2026-02-18 07:54:02
2026-02-26,59394,Pompe Bianche,Diesel,1,8.888,2026-02-18 07:54:02
2026-02-27,26264,Agip Eni,Diesel,1,8.888,2026-02-27 00:06:48
2026-02-27,59394,Pompe Bianche,Benzina,1,8.888,2026-02-18 07:54:02
2026-02-27,59394,Pompe Bianche,Diesel,1,8.888,2026-02-18 07:54:02
2026-02-27,62489,Api-Ip,Benzina,1,7.777,2026-02-27 00:17:34
2026-02-27,62489,Api-Ip,Diesel,1,8.888,2026-02-27 00:17:34
2026-02-28,59394,Pompe Bianche,Benzina,1,8.888,2026-02-18 07:54:02
2026-02-28,59394,Pompe Bianche,Diesel,1,8.888,2026-02-18 07:54:02
2026-03-01,59394,Pompe Bianche,Benzina,1,8.888,2026-02-18 07:54:02
2026-03-01,59394,Pompe Bianche,Diesel,1,8.888,2026-02-18 07:54:02
2026-03-02,59394,Pompe Bianche,Benzina,1,8.888,2026-02-18 07:54:02
2026-03-02,59394,Pompe Bianche,Diesel,1,8.888,2026-02-18 07:54:02
2026-03-03,59394,Pompe Bianche,Benzina,1,8.888,2026-02-18 07:54:02
2026-03-03,59394,Pompe Bianche,Diesel,1,8.888,2026-02-18 07:54:02
2026-03-04,26264,Agip Eni,Diesel,1,8.888,2026-03-04 00:17:02
2026-03-04,59394,Pompe Bianche,Benzina,1,8.888,2026-02-18 07:54:02
2026-03-04,59394,Pompe Bianche,Diesel,1,8.888,2026-02-18 07:54:02
2026-03-04,59851,CONAD,Diesel,1,0.141,2026-03-04 00:10:33
2026-03-04,62489,Api-Ip,Benzina,1,8.888,2026-03-04 01:07:44
2026-03-04,62489,Api-Ip,Diesel,1,9.999,2026-03-04 01:07:44
2026-03-05,59394,Pompe Bianche,Benzina,1,8.888,2026-02-18 07:54:02
2026-03-05,59394,Pompe Bianche,Diesel,1,8.888,2026-02-18 07:54:02
2026-03-05,59851,CONAD,Diesel,1,0.191,2026-03-05 00:00:46
2026-03-05,62489,Api-Ip,Benzina,1,8.888,2026-03-05 00:37:21
2026-03-05,62489,Api-Ip,Diesel,1,9.999,2026-03-05 00:37:21
2026-03-06,26264,Agip Eni,Diesel,1,8.888,2026-03-06 06:38:24
2026-03-06,59394,Pompe Bianche,Benzina,1,8.888,2026-02-18 07:54:02
2026-03-06,59394,Pompe Bianche,Diesel,1,8.888,2026-02-18 07:54:02
2026-03-06,62489,Api-Ip,Benzina,1,8.888,2026-03-06 01:37:58
2026-03-06,62489,Api-Ip,Diesel,1,9.999,2026-03-06 01:37:58
2026-03-07,59394,Pompe Bianche,Benzina,1,8.888,2026-02-18 07:54:02
2026-03-07,59394,Pompe Bianche,Diesel,1,8.888,2026-02-18 07:54:02
2026-03-08,59394,Pompe Bianche,Benzina,1,8.888,2026-02-18 07:54:02
2026-03-08,59394,Pompe Bianche,Diesel,1,8.888,2026-02-18 07:54:02
2026-03-09,59394,Pompe Bianche,Benzina,1,8.888,2026-02-18 07:54:02
2026-03-09,59394,Pompe Bianche,Diesel,1,8.888,2026-02-18 07:54:02
2026-03-10,38828,Api-Ip,Benzina,1,1820.0,2026-03-09 11:35:39
2026-03-10,38828,Api-Ip,Diesel,1,2070.0,2026-03-09 11:35:39
2026-03-10,59394,Pompe Bianche,Benzina,1,8.888,2026-02-18 07:54:02
2026-03-10,59394,Pompe Bianche,Diesel,1,8.888,2026-02-18 07:54:02
2026-03-11,45470,Pompe Bianche,Diesel,1,2099.0,2026-03-10 16:30:49
2026-03-11,59394,Pompe Bianche,Benzina,1,8.888,2026-02-18 07:54:02
2026-03-11,59394,Pompe Bianche,Diesel,1,8.888,2026-02-18 07:54:02
2026-03-12,34774,Esso,Diesel,1,3.079,2026-03-12 07:28:08
2026-03-12,59394,Pompe Bianche,Benzina,1,8.888,2026-02-18 07:54:02
2026-03-12,59394,Pompe Bianche,Diesel,1,8.888,2026-02-18 07:54:02
2026-03-13,59394,Pompe Bianche,Benzina,1,8.888,2026-02-18 07:54:02
2026-03-13,59394,Pompe Bianche,Diesel,1,8.888,2026-02-18 07:54:02
2026-03-14,59394,Pompe Bianche,Benzina,1,8.888,2026-02-18 07:54:02
2026-03-14,59394,Pompe Bianche,Diesel,1,8.888,2026-02-18 07:54:02
2026-03-15,59394,Pompe Bianche,Benzina,1,8.888,2026-02-18 07:54:02
2026-03-15,59394,Pompe Bianche,Diesel,1,8.888,2026-02-18 07:54:02
2026-03-16,59394,Pompe Bianche,Benzina,1,8.888,2026-02-18 07:54:02
2026-03-16,59394,Pompe Bianche,Diesel,1,8.888,2026-02-18 07:54:02
2026-03-17,59394,Pompe Bianche,Benzina,1,8.888,2026-02-18 07:54:02
2026-03-17,59394,Pompe Bianche,Diesel,1,8.888,2026-02-18 07:54:02
2026-03-18,59394,Pompe Bianche,Benzina,1,8.888,2026-02-18 07:54:02
2026-03-18,59394,Pompe Bianche,Diesel,1,8.888,2026-02-18 07:54:02
2026-03-19,59394,Pompe Bianche,Benzina,1,8.888,2026-02-18 07:54:02
2026-03-19,59394,Pompe Bianche,Diesel,1,8.888,2026-02-18 07:54:02
2026-03-20,59394,Pompe Bianche,Benzina,1,8.888,2026-02-18 07:54:02
2026-03-20,59394,Pompe Bianche,Diesel,1,8.888,2026-02-18 07:54:02
2026-03-21,59394,Pompe Bianche,Benzina,1,8.888,2026-02-18 07:54:02
2026-03-21,59394,Pompe Bianche,Diesel,1,8.888,2026-02-18 07:54:02
2026-03-22,59394,Pompe Bianche,Benzina,1,8.888,2026-02-18 07:54:02
2026-03-22,59394,Pompe Bianche,Diesel,1,8.888,2026-02-18 07:54:02
2026-03-23,59394,Pompe Bianche,Benzina,1,8.888,2026-02-18 07:54:02
2026-03-23,59394,Pompe Bianche,Diesel,1,8.888,2026-02-18 07:54:02
2026-03-24,59394,Pompe Bianche,Benzina,1,8.888,2026-02-18 07:54:02
2026-03-24,59394,Pompe Bianche,Diesel,1,8.888,2026-02-18 07:54:02
2026-03-25,59394,Pompe Bianche,Benzina,1,8.888,2026-02-18 07:54:02
2026-03-25,59394,Pompe Bianche,Diesel,1,8.888,2026-02-18 07:54:02
2026-03-26,59394,Pompe Bianche,Benzina,1,8.888,2026-02-18 07:54:02
2026-03-26,59394,Pompe Bianche,Diesel,1,8.888,2026-02-18 07:54:02
2026-03-27,59394,Pompe Bianche,Benzina,1,8.888,2026-02-18 07:54:02
2026-03-27,59394,Pompe Bianche,Diesel,1,8.888,2026-02-18 07:54:02
2026-03-28,59394,Pompe Bianche,Benzina,1,8.888,2026-02-18 07:54:02
2026-03-28,59394,Pompe Bianche,Diesel,1,8.888,2026-02-18 07:54:02
2026-03-29,59394,Pompe Bianche,Benzina,1,8.888,2026-02-18 07:54:02
2026-03-29,59394,Pompe Bianche,Diesel,1,8.888,2026-02-18 07:54:02
2026-03-30,59394,Pompe Bianche,Benzina,1,8.888,2026-02-18 07:54:02
2026-03-30,59394,Pompe Bianche,Diesel,1,8.888,2026-02-18 07:54:02
2026-03-31,59394,Pompe Bianche,Benzina,1,8.888,2026-02-18 07:54:02
2026-03-31,59394,Pompe Bianche,Diesel,1,8.888,2026-02-18 07:54:02
2026-04-01,59394,Pompe Bianche,Benzina,1,8.888,2026-02-18 07:54:02
2026-04-01,59394,Pompe Bianche,Diesel,1,8.888,2026-02-18 07:54:02
2026-04-02,59394,Pompe Bianche,Benzina,1,8.888,2026-02-18 07:54:02
2026-04-02,59394,Pompe Bianche,Diesel,1,8.888,2026-02-18 07:54:02
2026-04-03,59394,Pompe Bianche,Benzina,1,8.888,2026-02-18 07:54:02
2026-04-03,59394,Pompe Bianche,Diesel,1,8.888,2026-02-18 07:54:02
2026-04-04,59394,Pompe Bianche,Benzina,1,8.888,2026-02-18 07:54:02
2026-04-04,59394,Pompe Bianche,Diesel,1,8.888,2026-02-18 07:54:02
2026-04-05,59394,Pompe Bianche,Benzina,1,8.888,2026-02-18 07:54:02
2026-04-05,59394,Pompe Bianche,Diesel,1,8.888,2026-02-18 07:54:02
2026-04-06,59394,Pompe Bianche,Benzina,1,8.888,2026-02-18 07:54:02
2026-04-06,59394,Pompe Bianche,Diesel,1,8.888,2026-02-18 07:54:02
2026-04-07,59394,Pompe Bianche,Benzina,1,8.888,2026-02-18 07:54:02
2026-04-07,59394,Pompe Bianche,Diesel,1,8.888,2026-02-18 07:54:02
2026-04-08,59394,Pompe Bianche,Benzina,1,8.888,2026-02-18 07:54:02
2026-04-08,59394,Pompe Bianche,Diesel,1,8.888,2026-02-18 07:54:02
2026-04-09,59394,Pompe Bianche,Benzina,1,8.888,2026-02-18 07:54:02
2026-04-09,59394,Pompe Bianche,Diesel,1,8.888,2026-02-18 07:54:02
2026-04-10,38266,Api-Ip,Benzina,1,0.799,2026-04-09 09:18:30
2026-04-10,59394,Pompe Bianche,Benzina,1,8.888,2026-02-18 07:54:02
2026-04-10,59394,Pompe Bianche,Diesel,1,8.888,2026-02-18 07:54:02
2026-04-11,59394,Pompe Bianche,Benzina,1,8.888,2026-02-18 07:54:02
2026-04-11,59394,Pompe Bianche,Diesel,1,8.888,2026-02-18 07:54:02
2026-04-12,59394,Pompe Bianche,Benzina,1,8.888,2026-02-18 07:54:02
2026-04-12,59394,Pompe Bianche,Diesel,1,8.888,2026-02-18 07:54:02
2026-04-13,59394,Pompe Bianche,Benzina,1,8.888,2026-02-18 07:54:02
2026-04-13,59394,Pompe Bianche,Diesel,1,8.888,2026-02-18 07:54:02
2026-04-14,59394,Pompe Bianche,Benzina,1,8.888,2026-02-18 07:54:02
2026-04-14,59394,Pompe Bianche,Diesel,1,8.888,2026-02-18 07:54:02
2026-04-15,7709,Agip Eni,Benzina,1,0.377,2026-04-15 07:38:07
2026-04-15,59394,Pompe Bianche,Benzina,1,8.888,2026-02-18 07:54:02
2026-04-15,59394,Pompe Bianche,Diesel,1,8.888,2026-02-18 07:54:02
2026-04-16,7709,Agip Eni,Benzina,1,0.377,2026-04-15 07:38:07
2026-04-16,59394,Pompe Bianche,Benzina,1,8.888,2026-02-18 07:54:02
2026-04-16,59394,Pompe Bianche,Diesel,1,8.888,2026-02-18 07:54:02
2026-04-17,59394,Pompe Bianche,Benzina,1,8.888,2026-02-18 07:54:02
2026-04-17,59394,Pompe Bianche,Diesel,1,8.888,2026-02-18 07:54:02
2026-04-18,59394,Pompe Bianche,Benzina,1,8.888,2026-02-18 07:54:02
2026-04-18,59394,Pompe Bianche,Diesel,1,8.888,2026-02-18 07:54:02
2026-04-19,59394,Pompe Bianche,Benzina,1,8.888,2026-02-18 07:54:02
2026-04-19,59394,Pompe Bianche,Diesel,1,8.888,2026-02-18 07:54:02
2026-05-12,12340,Giap,Diesel,1,3.199,2026-05-12 05:59:01
2026-05-26,36590,Q8,Diesel,1,0.7,2026-05-25 09:48:04
2026-05-27,36590,Q8,Diesel,1,0.7,2026-05-26 12:00:04
2026-05-28,36590,Q8,Diesel,1,0.7,2026-05-26 12:00:04
2026-05-29,36590,Q8,Diesel,1,0.7,2026-05-26 12:00:04
2026-05-30,36590,Q8,Diesel,1,0.7,2026-05-26 12:00:04
2026-05-31,36590,Q8,Diesel,1,0.7,2026-05-26 12:00:04
2026-06-01,36590,Q8,Diesel,1,0.7,2026-05-26 12:00:04
2026-06-02,36590,Q8,Diesel,1,0.7,2026-05-26 12:00:04
2026-06-03,36590,Q8,Diesel,1,0.7,2026-06-02 12:00:06
2026-06-04,30305,Giap,Diesel,1,3.206,2026-06-04 05:57:48
2026-06-04,36590,Q8,Diesel,1,0.7,2026-06-02 12:00:06
2026-06-05,36590,Q8,Diesel,1,0.7,2026-06-02 12:00:06
2026-06-06,36590,Q8,Diesel,1,0.7,2026-06-02 12:00:06
2026-06-06,49043,Esso,Benzina,1,3.754,2026-06-06 06:07:01
2026-06-06,49043,Esso,Diesel,1,3.832,2026-06-06 06:07:01
2026-06-07,36590,Q8,Diesel,1,0.7,2026-06-02 12:00:06
2026-06-08,36590,Q8,Diesel,1,0.7,2026-06-02 12:00:06
2026-06-09,36590,Q8,Diesel,1,0.7,2026-06-02 12:00:06
2026-06-10,36590,Q8,Diesel,1,0.7,2026-06-02 12:00:06
2026-06-11,36590,Q8,Diesel,1,0.7,2026-06-02 12:00:06
2026-06-12,36590,Q8,Diesel,1,0.7,2026-06-02 12:00:06
2026-06-13,36590,Q8,Diesel,1,0.7,2026-06-02 12:00:06
2026-06-14,36590,Q8,Diesel,1,0.7,2026-06-02 12:00:06
2026-06-15,36590,Q8,Diesel,1,0.7,2026-06-02 12:00:06
2026-06-16,36590,Q8,Diesel,1,0.7,2026-06-02 12:00:06
2026-06-17,36590,Q8,Diesel,1,0.7,2026-06-02 12:00:06
2026-06-18,36590,Q8,Diesel,1,0.7,2026-06-02 12:00:06
