Provincia,Codice Istat provincia,Impianti totali,Agip Eni,Api-Ip,Q8,Impianti con price cap,Quota price cap (%)
Gorizia,031,49,15,11,8,34,69.4
Imperia,008,75,22,26,3,51,68.0
Udine,030,278,67,75,35,177,63.7
Bari,272,396,90,103,57,250,63.1
Prato,100,78,22,14,11,47,60.3
Milano,215,736,156,146,137,439,59.6
Medio Campidano,117,44,7,7,12,26,59.1
Roma,258,1491,265,437,176,878,58.9
Pordenone,093,143,41,23,20,84,58.7
Genova,210,230,50,51,33,134,58.3
Monza e della Brianza,108,229,32,58,43,133,58.1
Cagliari,318,201,65,14,37,116,57.7
Taranto,073,217,52,45,28,125,57.6
Barletta-Andria-Trani,110,106,19,29,13,61,57.5
Savona,009,118,26,33,8,67,56.8
Firenze,248,312,77,45,55,177,56.7
Teramo,067,158,28,48,13,89,56.3
Trento,022,218,63,27,32,122,56.0
Como,013,136,23,38,15,76,55.9
Pescara,068,143,36,32,12,80,55.9
Latina,059,288,72,57,30,159,55.2
Cuneo,004,327,48,106,25,179,54.7
Sulcis Iglesiente,119,53,13,4,12,29,54.7
Perugia,054,350,47,116,28,191,54.6
Pisa,050,213,38,49,29,116,54.5
Nuoro,114,68,9,12,16,37,54.4
Bologna,237,350,71,66,51,188,53.7
La Spezia,011,82,18,19,7,44,53.7
Novara,003,156,30,30,23,83,53.2
Parma,034,199,50,39,16,105,52.8
Palermo,282,427,97,50,78,225,52.7
Massa-Carrara,045,80,17,18,7,42,52.5
Verbano-Cusio-Ossola,103,65,13,12,9,34,52.3
Bolzano,021,157,44,9,29,82,52.2
Cosenza,078,281,39,51,56,146,52.0
Ascoli Piceno,044,104,18,28,8,54,51.9
Messina,283,219,48,28,37,113,51.6
Torino,201,736,136,137,101,374,50.8
Piacenza,033,142,36,12,24,72,50.7
Vercelli,002,83,16,14,12,42,50.6
Varese,012,260,45,54,32,131,50.4
Brindisi,074,185,35,33,25,93,50.3
Reggio Calabria,280,217,40,41,28,109,50.2
Trieste,032,36,11,2,5,18,50.0
Livorno,049,155,38,21,18,77,49.7
Fermo,109,89,13,26,5,44,49.4
Lecce,075,437,56,109,49,214,49.0
Lecco,097,97,16,18,13,47,48.5
Crotone,101,58,7,14,7,28,48.3
Terni,055,127,16,33,12,61,48.0
Modena,036,292,59,55,26,140,47.9
Gallura Nord-Est Sardegna,113,88,25,5,12,42,47.7
Matera,077,82,13,15,11,39,47.6
Venezia,227,296,69,42,30,141,47.6
Chieti,069,206,50,40,7,97,47.1
Ravenna,039,157,29,24,21,74,47.1
Siena,052,147,36,20,12,68,46.3
Agrigento,084,144,32,0,34,66,45.8
Pesaro e Urbino,041,164,33,33,9,75,45.7
Grosseto,053,147,27,28,12,67,45.6
L'Aquila,066,147,25,33,9,67,45.6
Rimini,099,136,24,18,20,62,45.6
Potenza,076,182,25,37,20,82,45.1
Alessandria,006,220,42,31,26,99,45.0
Brescia,017,548,97,77,72,246,44.9
Lucca,046,192,31,30,25,86,44.8
Arezzo,051,176,38,23,17,78,44.3
Macerata,043,176,25,46,7,78,44.3
Sondrio,014,68,15,9,6,30,44.1
Oristano,115,75,16,7,10,33,44.0
Sassari,312,117,17,6,28,51,43.6
Siracusa,089,168,38,7,28,73,43.5
Biella,096,76,8,13,12,33,43.4
Lodi,098,76,8,17,8,33,43.4
Bergamo,016,351,49,41,62,152,43.3
Cremona,019,153,29,30,7,66,43.1
Forlì-Cesena,040,163,34,21,14,69,42.3
Ferrara,038,173,27,36,10,73,42.2
Pistoia,047,116,18,23,8,49,42.2
Frosinone,060,278,58,29,30,117,42.1
Pavia,018,202,27,35,22,84,41.6
Ogliastra,116,29,3,3,6,12,41.4
Verona,023,371,89,25,38,152,41.0
Ancona,042,230,34,41,19,94,40.9
Catanzaro,079,171,24,28,18,70,40.9
Vicenza,024,352,90,28,26,144,40.9
Vibo Valentia,102,59,11,6,7,24,40.7
Foggia,071,212,42,33,11,86,40.6
Rieti,057,101,13,23,4,40,39.6
Asti,005,119,14,14,19,47,39.5
Reggio nell'Emilia,035,223,54,26,8,88,39.5
Isernia,094,51,11,4,5,20,39.2
Mantova,020,194,42,22,11,75,38.7
Trapani,081,226,27,23,37,87,38.5
Belluno,025,108,24,11,6,41,38.0
Napoli,263,851,99,112,106,317,37.3
Campobasso,070,119,19,20,5,44,37.0
Padova,028,356,61,29,40,130,36.5
Caltanissetta,085,107,28,0,11,39,36.4
Treviso,026,329,48,29,41,118,35.9
Caserta,061,409,38,64,44,146,35.7
Catania,287,447,79,28,50,157,35.1
Salerno,065,428,37,72,41,150,35.0
Avellino,064,227,12,24,42,78,34.4
Viterbo,056,187,24,16,23,63,33.7
Valle d'Aosta,007,81,17,5,4,26,32.1
Benevento,062,175,14,26,16,56,32.0
Ragusa,088,172,35,0,15,50,29.1
Rovigo,029,145,23,11,5,39,26.9
Enna,086,61,7,0,6,13,21.3
